Unnamed: 0,Elo Rank,Player,Age,Elo,hElo Rank,hElo,cElo Rank,cElo,gElo Rank,gElo,Peak Elo,Peak Month,ATP Rank,Log diff
0,1,Jannik Sinner,24.2,2293.2,1,2245.2,2,2153.9,2,2075.0,2329.6,2025-01,2.0,-0.69
1,2,Carlos Alcaraz,22.5,2272.8,2,2188.9,1,2216.6,1,2139.7,2296.4,2025-09,1.0,0.69
2,3,Novak Djokovic,38.4,2089.9,3,2041.6,3,1997.4,3,1950.2,2463.2,2016-05,4.0,-0.29
3,4,Alexander Zverev,28.6,2038.6,4,1994.3,4,1991.9,6,1874.2,2176.5,2022-01,3.0,0.29
4,5,Alex De Minaur,26.8,2004.3,6,1953.7,10,1899.3,9,1838.1,2053.1,2024-06,6.0,-0.18
5,6,Daniil Medvedev,29.9,1994.0,5,1960.5,8,1911.7,5,1876.1,2201.2,2022-01,12.0,-0.69
6,7,Taylor Fritz,28.1,1990.8,8,1931.1,11,1877.9,4,1919.5,2070.2,2025-09,9.0,-0.25
7,8,Felix Auger Aliassime,25.3,1978.8,7,1944.8,12,1860.3,10,1790.7,2062.7,2022-10,7.0,0.13
8,9,Lorenzo Musetti,23.8,1973.8,11,1895.9,5,1981.3,8,1852.9,2050.5,2025-05,5.0,0.59
9,10,Alexander Bublik,28.5,1973.4,14,1885.2,9,1910.7,7,1855.7,1976.5,2025-10,10.0,0.0
10,11,Casper Ruud,27.0,1950.5,15,1884.2,6,1947.3,41,1698.5,2071.9,2022-05,13.0,-0.17
11,12,Ben Shelton,23.0,1947.5,10,1899.3,16,1840.0,13,1789.3,2024.4,2025-08,8.0,0.41
12,13,Jack Draper,23.6,1932.4,13,1890.1,22,1816.6,19,1753.5,2103.8,2025-04,11.0,0.17
13,14,Joao Fonseca,19.1,1931.9,9,1910.2,23,1810.3,37,1707.2,1992.5,2025-03,30.0,-0.76
14,15,Learner Tien,20.0,1926.9,12,1890.5,121,1615.8,38,1705.7,1952.3,2026-01,27.0,-0.59
15,16,Jiri Lehecka,24.1,1916.3,16,1865.4,26,1795.0,11,1790.6,1989.9,2025-10,19.0,-0.17
16,17,Alejandro Davidovich Fokina,26.5,1905.5,18,1856.9,20,1822.0,25,1730.5,1934.8,2025-07,15.0,0.13
17,18,Sebastian Korda,25.5,1886.2,19,1843.3,32,1766.2,14,1775.3,2020.7,2023-01,51.0,-1.04
18,19,Stefanos Tsitsipas,27.3,1886.0,20,1839.0,7,1914.4,31,1717.0,2145.1,2021-05,33.0,-0.55
19,20,Andrey Rublev,28.2,1882.2,21,1838.8,13,1849.3,12,1790.5,2122.1,2021-04,14.0,0.36
20,21,Karen Khachanov,29.6,1878.5,25,1819.6,17,1835.2,16,1767.4,2029.5,2018-10,17.0,0.21
21,22,Hubert Hurkacz,28.8,1875.8,28,1815.7,27,1783.6,18,1754.8,2022.5,2024-06,53.0,-0.88
22,23,Francisco Cerundolo,27.2,1875.4,22,1832.3,14,1846.0,59,1659.9,1961.6,2025-04,20.0,0.14
23,24,Arthur Fils,21.1,1872.6,34,1795.5,15,1842.4,28,1722.4,1985.3,2025-04,42.0,-0.56
24,25,Ugo Humbert,27.5,1869.2,17,1861.6,42,1732.4,30,1720.7,2017.7,2024-03,36.0,-0.36
25,26,Grigor Dimitrov,34.6,1854.7,27,1817.8,36,1755.1,39,1701.6,2111.5,2014-08,45.0,-0.55
26,27,Jakub Mensik,20.3,1854.2,23,1824.2,35,1757.6,44,1688.4,1968.7,2025-04,18.0,0.41
27,28,Flavio Cobolli,23.6,1853.5,38,1781.9,21,1818.6,23,1739.0,1895.6,2025-07,22.0,0.24
28,29,Matteo Berrettini,29.5,1852.4,30,1801.5,18,1830.7,20,1749.5,2065.7,2022-07,56.0,-0.66
29,30,Cameron Norrie,30.3,1850.5,35,1791.1,19,1826.0,21,1746.0,2028.6,2022-08,28.0,0.07
30,31,Tommy Paul,28.6,1848.9,39,1780.7,24,1807.5,29,1721.8,2028.8,2025-05,21.0,0.39
31,32,Gael Monfils,39.0,1848.2,24,1823.1,62,1713.0,53,1674.2,2087.1,2016-10,110.0,-1.23
32,33,Corentin Moutet,26.5,1844.1,40,1775.7,34,1765.0,24,1738.3,1881.9,2025-10,34.0,-0.03
33,34,Brandon Nakashima,24.4,1843.9,31,1799.8,38,1735.5,22,1744.3,1909.5,2024-09,29.0,0.16
34,35,Valentin Vacherot,27.1,1840.4,26,1819.0,66,1709.5,117,1574.2,1867.2,2025-10,32.0,0.09
35,36,Raphael Collignon,23.9,1833.2,29,1806.2,67,1709.4,82,1614.1,1851.1,2026-01,72.0,-0.69
36,37,Zizou Bergs,26.5,1828.6,33,1795.8,70,1705.0,50,1677.6,1859.2,2025-03,43.0,-0.15
37,38,Tallon Griekspoor,29.4,1827.4,45,1766.5,29,1775.4,15,1770.8,1951.8,2025-06,25.0,0.42
38,39,Arthur Rinderknech,30.4,1826.2,41,1775.7,41,1733.3,43,1693.3,1871.8,2025-10,26.0,0.41
39,40,Frances Tiafoe,27.9,1818.4,42,1775.4,30,1774.3,34,1710.0,1974.0,2023-06,31.0,0.25
40,41,Alexander Blockx,20.7,1818.2,36,1789.0,102,1645.5,62,1654.1,1818.2,2026-01,95.0,-0.84
41,42,Jenson Brooksby,25.0,1817.6,47,1762.2,39,1735.0,32,1716.2,2005.3,2022-03,48.0,-0.13
42,43,Gabriel Diallo,24.2,1815.2,55,1741.2,40,1733.6,33,1712.8,1889.2,2025-06,41.0,0.05
43,44,Denis Shapovalov,26.7,1812.8,32,1795.9,55,1721.6,64,1651.9,1983.2,2020-01,23.0,0.65
44,45,Tomas Machac,25.2,1809.2,37,1786.6,61,1714.6,51,1677.5,1972.7,2025-04,35.0,0.25
45,46,Holger Rune,22.4,1806.9,43,1774.5,28,1778.7,56,1663.4,2082.0,2023-05,16.0,1.06
46,47,Alex Michelsen,21.3,1805.8,46,1764.0,98,1652.7,40,1700.5,1904.8,2025-01,37.0,0.24
47,48,Rafael Jodar,19.3,1799.4,44,1769.6,129,1610.3,96,1599.7,1824.9,2026-01,150.0,-1.14
48,49,Jaume Munar,28.6,1797.4,53,1741.6,48,1726.7,70,1633.5,1830.4,2025-10,38.0,0.25
49,50,Marton Fucsovics,33.9,1793.3,54,1741.5,49,1726.4,27,1728.4,1924.2,2021-03,55.0,-0.1
50,51,Marin Cilic,37.2,1791.2,51,1742.4,65,1711.4,17,1766.4,2100.4,2010-02,70.0,-0.32
51,52,Roberto Bautista Agut,37.3,1790.9,65,1724.8,44,1730.8,26,1729.5,2033.8,2016-02,90.0,-0.55
52,53,Arthur Cazaux,23.3,1786.9,62,1731.1,72,1699.8,61,1655.7,1811.9,2025-10,67.0,-0.23
53,54,Alexei Popyrin,26.4,1784.9,61,1731.6,31,1766.5,69,1636.6,1902.2,2024-10,49.0,0.1
54,55,Nuno Borges,28.8,1784.8,48,1757.1,51,1722.9,77,1626.8,1843.6,2025-03,46.0,0.18
55,56,Yibing Wu,26.2,1784.5,49,1755.0,109,1637.1,113,1578.8,1882.9,2023-03,168.0,-1.1
56,57,Tomas Martin Etcheverry,26.4,1783.8,50,1745.7,52,1722.6,121,1571.3,1871.7,2023-05,61.0,-0.07
57,58,Fabian Marozsan,26.2,1783.6,59,1731.8,43,1731.9,104,1593.0,1867.2,2024-04,52.0,0.11
58,59,Kamil Majchrzak,29.9,1783.0,52,1741.7,47,1726.8,52,1677.1,1813.1,2025-10,58.0,0.02
59,60,Marcos Giron,32.4,1781.7,58,1732.5,93,1662.5,36,1707.7,1874.1,2025-03,60.0,0.0
60,61,Lorenzo Sonego,30.6,1778.3,57,1733.9,78,1691.2,48,1680.1,1895.3,2021-05,40.0,0.42
61,62,Alejandro Tabilo,28.5,1776.4,64,1726.6,46,1727.7,45,1686.6,1895.7,2024-07,81.0,-0.27
62,63,Matteo Arnaldi,24.8,1775.6,60,1731.7,33,1765.4,107,1589.1,1902.9,2024-06,65.0,-0.03
63,64,Jordan Thompson,31.7,1774.5,56,1735.7,132,1605.7,35,1709.7,1891.2,2024-12,111.0,-0.55
64,65,Giovanni Mpetshi Perricard,22.4,1770.4,67,1723.4,79,1690.7,55,1667.5,1862.8,2024-12,63.0,0.03
65,66,Jan Lennard Struff,35.6,1761.6,76,1701.7,60,1717.2,63,1654.1,1935.1,2024-07,84.0,-0.24
66,67,Reilly Opelka,28.3,1761.2,66,1724.7,82,1687.7,67,1640.7,1927.5,2022-04,62.0,0.08
67,68,Luciano Darderi,23.7,1760.9,142,1592.9,25,1795.9,111,1581.6,1857.0,2024-06,24.0,1.04
68,69,Juncheng Shang,20.9,1759.0,70,1712.0,100,1646.8,60,1657.4,1895.7,2024-09,311.0,-1.51
69,70,Yannick Hanfmann,34.1,1759.0,75,1701.9,59,1717.3,73,1631.8,1843.4,2023-06,101.0,-0.37
70,71,Benjamin Bonzi,29.5,1752.5,68,1718.5,123,1614.0,65,1645.4,1835.8,2022-06,106.0,-0.4
71,72,Daniel Altmaier,27.3,1751.3,80,1689.4,53,1721.8,125,1568.4,1789.1,2021-08,44.0,0.49
72,73,Kei Nishikori,36.0,1748.4,72,1707.5,107,1638.1,87,1608.3,2194.2,2016-08,237.0,-1.18
73,74,Pablo Carreno Busta,34.4,1747.2,63,1727.7,68,1708.3,122,1571.3,2005.1,2021-08,92.0,-0.22
74,75,Leandro Riedi,23.5,1746.8,71,1712.0,141,1595.9,54,1671.2,1823.3,2023-01,180.0,-0.88
75,76,Ethan Quinn,21.8,1745.2,77,1698.6,90,1669.1,80,1620.7,1803.9,2025-05,78.0,-0.03
76,77,Alexandre Muller,28.9,1745.2,86,1682.9,45,1728.4,131,1556.7,1801.7,2025-05,50.0,0.43
77,78,Eliot Spizzirri,24.0,1743.5,73,1705.9,161,1562.7,91,1603.8,1785.6,2025-11,89.0,-0.13
78,79,Botic Van De Zandschulp,30.2,1740.9,74,1705.6,83,1686.2,105,1591.4,1938.0,2022-09,75.0,0.05
79,80,Borna Coric,28.7,1740.9,82,1686.4,50,1726.3,71,1633.5,2011.6,2019-01,123.0,-0.43
80,81,Ignacio Buse,21.6,1739.3,146,1588.5,54,1721.8,144,1543.1,1834.0,2025-09,99.0,-0.2
81,82,Miomir Kecmanovic,26.3,1735.8,81,1687.2,81,1689.0,74,1629.6,1900.6,2022-04,59.0,0.33
82,83,Hamad Medjedovic,22.2,1732.9,83,1685.0,71,1703.0,97,1599.2,1844.2,2025-04,96.0,-0.15
83,84,Roman Safiullin,28.0,1731.1,69,1718.1,91,1669.1,93,1600.8,1911.3,2024-01,172.0,-0.72
84,85,David Goffin,34.8,1730.7,85,1683.7,73,1696.1,46,1682.1,2048.7,2017-04,117.0,-0.32
85,86,Valentin Royer,24.6,1727.4,88,1670.2,92,1663.9,68,1639.5,1800.2,2025-10,57.0,0.41
86,87,Francisco Comesana,25.2,1723.5,96,1660.3,76,1694.1,116,1574.7,1761.9,2025-08,68.0,0.25
87,88,Yoshihito Nishioka,30.2,1721.8,78,1695.7,111,1634.8,132,1556.4,1884.7,2023-01,114.0,-0.26
88,89,Cristian Garin,29.6,1720.3,113,1625.5,56,1721.5,66,1644.0,1889.6,2019-04,80.0,0.11
89,90,Dominik Koepfer,30.7,1719.9,89,1669.9,63,1712.3,83,1613.0,1822.7,2024-03,508.0,-1.73
90,91,Michael Zheng,21.9,1719.2,79,1690.6,242,1469.6,147,1540.2,1777.3,2025-09,174.0,-0.65
91,92,Dino Prizmic,20.3,1715.5,97,1655.5,75,1695.1,134,1553.9,1783.6,2025-09,127.0,-0.32
92,93,Jacob Fearnley,24.4,1713.3,93,1664.3,74,1696.1,78,1625.6,1910.0,2024-10,77.0,0.19
93,94,Adrian Mannarino,37.5,1712.8,87,1675.1,192,1526.6,47,1680.3,1896.3,2018-01,69.0,0.31
94,95,Patrick Kypson,26.1,1710.8,84,1685.0,150,1585.7,173,1517.6,1732.4,2026-01,116.0,-0.2
95,96,Zhizhen Zhang,29.2,1710.8,105,1640.2,57,1720.1,89,1606.4,1830.9,2024-09,362.0,-1.33
96,97,Zachary Svajda,22.7,1709.9,108,1635.6,203,1516.5,42,1697.1,1769.0,2023-10,143.0,-0.39
97,98,Laslo Djere,30.5,1708.4,117,1624.3,37,1738.8,114,1576.8,1854.6,2023-09,91.0,0.07
98,99,Jesper De Jong,25.5,1708.1,100,1644.8,69,1706.2,153,1535.0,1741.0,2025-10,73.0,0.3
99,100,Sebastian Baez,25.0,1707.4,107,1638.5,77,1692.1,171,1520.2,1941.4,2022-07,39.0,0.94
100,101,Pablo Llamas Ruiz,22.9,1700.0,147,1586.4,84,1678.8,145,1541.2,1733.1,2023-08,212.0,-0.74
101,102,Camilo Ugo Carabelli,26.5,1699.7,136,1598.6,64,1712.0,235,1466.5,1771.9,2025-05,47.0,0.77
102,103,Nicolas Jarry,30.2,1698.3,112,1628.0,86,1675.2,58,1660.2,1903.0,2023-10,133.0,-0.26
103,104,Mackenzie Mcdonald,30.5,1697.7,94,1663.4,173,1545.1,90,1605.3,1847.6,2023-03,113.0,-0.08
104,105,Stan Wawrinka,40.7,1696.3,90,1666.0,105,1643.1,98,1599.0,2145.5,2016-01,139.0,-0.28
105,106,Mariano Navone,24.8,1696.1,173,1548.7,58,1718.0,179,1512.8,1875.9,2024-04,74.0,0.36
106,107,Terence Atmane,23.9,1693.5,95,1662.1,130,1608.8,151,1536.7,1760.2,2025-09,64.0,0.51
107,108,Roman Andres Burruchaga,23.7,1689.6,178,1538.1,89,1671.6,127,1560.5,1701.4,2025-11,103.0,0.05
108,109,Hugo Gaston,25.2,1688.6,92,1664.9,113,1631.4,124,1568.5,1795.1,2021-11,94.0,0.15
109,110,Damir Dzumhur,33.6,1687.0,110,1632.3,85,1676.3,130,1556.8,1895.8,2017-09,66.0,0.51
110,111,Aleksandar Vukic,29.7,1684.7,102,1643.6,155,1570.9,95,1600.2,1773.3,2025-01,87.0,0.24
111,112,Otto Virtanen,24.4,1684.2,109,1633.4,198,1521.6,49,1679.6,1768.8,2024-03,126.0,-0.12
112,113,Coleman Wong,21.5,1680.8,103,1643.1,233,1478.0,150,1536.8,1685.9,2026-01,132.0,-0.16
113,114,Nikoloz Basilashvili,33.8,1679.0,104,1640.6,124,1613.5,76,1627.1,1889.8,2019-01,105.0,0.08
114,115,Quentin Halys,29.1,1678.2,106,1639.0,101,1645.8,81,1620.6,1811.4,2023-04,85.0,0.3
115,116,Nishesh Basavareddy,20.6,1677.2,98,1654.6,240,1471.1,169,1522.0,1856.6,2025-01,239.0,-0.72
116,117,Vit Kopriva,28.5,1676.8,124,1618.1,95,1658.1,120,1571.9,1760.5,2025-05,100.0,0.16
117,118,Christopher Oconnell,31.5,1673.8,91,1665.5,128,1611.5,146,1541.0,1814.1,2025-03,118.0,0.0
118,119,Dalibor Svrcina,23.0,1673.2,99,1647.0,146,1589.5,185,1505.6,1712.9,2025-04,93.0,0.25
119,120,Roberto Carballes Baena,32.7,1673.0,115,1624.6,97,1653.6,164,1526.3,1788.1,2024-07,147.0,-0.2
120,121,Lloyd Harris,28.8,1672.9,118,1623.8,156,1569.8,72,1633.4,1896.0,2021-10,221.0,-0.6
121,122,Jerome Kym,22.6,1671.1,101,1644.4,136,1601.0,178,1513.2,1738.0,2024-10,186.0,-0.42
122,123,Juan Manuel Cerundolo,24.0,1669.1,151,1578.0,87,1673.2,253,1451.9,1774.8,2021-10,83.0,0.39
123,124,Sebastian Ofner,29.6,1668.5,152,1576.8,88,1672.7,84,1612.9,1812.7,2024-01,131.0,-0.05
124,125,Alexander Shevchenko,25.1,1666.0,131,1610.5,108,1637.4,218,1475.8,1792.0,2024-02,104.0,0.18
125,126,Arthur Fery,23.3,1665.4,114,1625.4,267,1442.7,198,1491.1,1715.7,2025-10,185.0,-0.38
126,127,Bu Yunchaokete,23.9,1659.7,123,1618.3,140,1596.6,224,1472.1,1834.9,2024-09,120.0,0.06
127,128,Giulio Zeppieri,23.9,1659.5,111,1629.8,147,1589.1,99,1597.7,1691.2,2022-07,156.0,-0.2
128,129,Richard Gasquet,38.9,1659.2,125,1617.4,119,1617.5,94,1600.5,2059.5,2016-05,319.0,-0.91
129,130,Guy Den Ouden,23.4,1657.4,353,1368.3,94,1659.8,200,1489.1,1722.8,2025-08,160.0,-0.21
130,131,Mattia Bellucci,24.5,1656.8,128,1615.0,175,1541.5,92,1602.6,1814.3,2024-10,76.0,0.54
131,132,Tomas Barrios Vera,28.0,1655.4,171,1550.8,106,1639.6,100,1595.8,1710.3,2023-07,107.0,0.21
132,133,Zsombor Piros,26.2,1654.9,148,1586.1,110,1637.0,139,1549.4,1731.0,2023-04,170.0,-0.25
133,134,Emilio Nava,24.0,1654.4,137,1596.4,133,1605.4,136,1550.9,1738.2,2025-09,88.0,0.42
134,135,James Duckworth,33.9,1654.3,122,1619.9,176,1539.9,119,1574.0,1785.9,2021-11,86.0,0.45
135,136,Nicolai Budkov Kjaer,19.3,1653.4,119,1623.2,139,1597.2,163,1526.5,1749.3,2025-10,135.0,0.01
136,137,Sho Shimabukuro,28.4,1652.4,126,1615.6,201,1518.1,106,1589.3,1692.5,2023-09,144.0,-0.05
137,138,Rinky Hijikata,24.8,1650.7,129,1613.3,228,1482.9,108,1585.7,1744.9,2025-01,115.0,0.18
138,139,Kyrian Jacquet,24.6,1649.7,116,1624.6,170,1548.6,140,1547.7,1735.1,2025-02,128.0,0.08
139,140,Alex Molcan,27.9,1649.7,130,1611.1,115,1620.4,123,1569.5,1872.5,2022-07,205.0,-0.38
140,141,Jason Kubler,32.5,1649.2,138,1596.2,143,1595.6,57,1661.7,1790.0,2022-07,192.0,-0.31
141,142,Gilles Arnaud Bailly,20.0,1648.5,133,1604.5,159,1567.2,118,1574.2,1656.4,2025-10,207.0,-0.38
142,143,Dusan Lajovic,35.5,1648.3,162,1567.4,103,1644.7,187,1501.7,1854.6,2018-10,125.0,0.13
143,144,Aleksandar Kovacevic,27.3,1646.1,120,1622.3,212,1504.2,191,1499.0,1758.8,2024-04,54.0,0.98
144,145,Andrea Vavassori,30.3,1644.8,132,1606.1,117,1619.1,175,1516.4,1734.8,2023-04,336.0,-0.84
145,146,Toby Samuel,23.3,1644.1,121,1622.3,276,1432.0,165,1526.0,1684.5,2026-01,248.0,-0.53
146,147,Nicolas Moreno De Alboran,28.4,1641.9,127,1615.4,153,1577.8,167,1524.3,1687.7,2024-11,633.0,-1.46
147,148,Luka Mikrut,21.5,1641.3,255,1466.1,96,1657.8,170,1520.6,1735.4,2025-10,163.0,-0.1
148,149,Jan Choinski,29.4,1641.1,205,1512.6,104,1643.9,282,1436.5,1669.3,2025-11,124.0,0.18
149,150,Mark Lajal,22.6,1639.6,135,1598.9,204,1515.1,88,1607.4,1685.3,2025-07,153.0,-0.02
150,151,Filip Misolic,24.4,1638.5,203,1514.5,80,1689.5,129,1556.9,1829.4,2025-07,82.0,0.61
151,152,Pedro Martinez,28.6,1636.4,139,1595.0,118,1617.9,212,1479.6,1844.3,2022-04,71.0,0.76
152,153,Aslan Karatsev,31.9,1633.5,141,1593.3,112,1631.9,193,1497.5,1964.6,2021-05,672.0,-1.48
153,154,Michael Mmoh,27.9,1631.4,134,1600.8,195,1525.6,155,1532.5,1762.3,2017-02,228.0,-0.39
154,155,Vilius Gaubas,20.8,1628.8,222,1498.1,131,1608.1,135,1553.1,1718.5,2025-05,129.0,0.18
155,156,Chris Rodesch,24.4,1628.2,161,1567.7,148,1586.2,109,1583.9,1650.4,2026-01,208.0,-0.29
156,157,Martin Landaluce,19.9,1627.8,140,1594.8,197,1522.2,85,1612.2,1741.8,2024-10,149.0,0.05
157,158,Luca Nardi,22.4,1627.7,143,1592.8,149,1586.0,256,1450.0,1724.6,2024-04,108.0,0.38
158,159,Yosuke Watanuki,27.5,1627.5,145,1590.9,145,1590.6,112,1580.7,1798.2,2023-05,162.0,-0.02
159,160,Harold Mayot,23.9,1627.3,144,1591.3,138,1597.7,161,1527.8,1701.9,2024-06,159.0,0.01
160,161,Carlos Taberner,28.2,1625.8,266,1458.4,127,1612.4,271,1441.1,1725.0,2021-10,98.0,0.5
161,162,Francesco Passaro,24.8,1623.1,156,1574.6,125,1613.0,234,1467.9,1779.0,2022-08,140.0,0.15
162,163,Fabio Fognini,38.1,1622.9,160,1568.7,116,1620.0,133,1554.3,2003.8,2014-04,,
163,164,Daniel Evans,35.2,1621.1,149,1584.6,183,1532.8,86,1608.4,1902.5,2021-04,187.0,-0.13
164,165,Marco Trungelliti,35.7,1621.1,214,1504.6,114,1627.6,215,1478.4,1693.1,2018-07,130.0,0.24
165,166,Adolfo Daniel Vallejo,21.5,1620.0,303,1415.2,122,1614.8,128,1560.0,1620.0,2025-11,146.0,0.13
166,167,Alex Bolt,32.8,1615.8,158,1569.6,345,1372.9,103,1593.3,1688.9,2019-03,171.0,-0.02
167,168,Titouan Droguet,24.5,1615.6,174,1545.2,99,1647.0,137,1550.9,1722.4,2025-07,155.0,0.08
168,169,Elmer Moller,22.4,1612.5,243,1475.6,135,1602.3,152,1535.3,1741.1,2025-04,119.0,0.35
169,170,Adam Walton,26.7,1608.7,155,1576.6,254,1456.5,220,1473.8,1747.1,2025-04,79.0,0.77
170,171,Alvaro Guillen Meza,22.8,1607.6,387,1344.3,142,1595.7,208,1483.8,1627.0,2025-11,193.0,-0.12
171,172,Borna Gojo,27.8,1607.3,150,1580.2,126,1612.6,287,1430.4,1800.2,2023-10,284.0,-0.5
172,173,Ugo Blanchet,27.0,1607.3,154,1576.7,188,1528.3,211,1481.2,1662.1,2025-08,142.0,0.2
173,174,Gustavo Heide,23.8,1606.4,270,1456.3,134,1604.1,222,1472.7,1661.1,2024-07,238.0,-0.31
174,175,Emil Ruusuvuori,26.6,1606.1,153,1576.8,165,1558.3,115,1576.4,1893.2,2023-06,544.0,-1.13
175,176,Shintaro Mochizuki,22.5,1603.2,180,1534.1,189,1528.0,75,1629.4,1714.9,2025-10,112.0,0.45
176,177,Francesco Maestrelli,23.0,1598.8,159,1569.4,172,1545.2,265,1444.9,1711.4,2022-07,141.0,0.23
177,178,Jurij Rodionov,26.6,1597.0,163,1565.7,169,1549.7,177,1515.1,1702.1,2023-06,167.0,0.06
178,179,Clement Chidekh,24.5,1595.5,157,1570.7,299,1409.3,192,1497.8,1695.5,2024-03,215.0,-0.18
179,180,Marko Topo,22.1,1594.6,168,1557.7,186,1530.1,184,1506.5,1663.9,2022-04,236.0,-0.27
180,181,Thiago Agustin Tirante,24.5,1594.2,166,1558.6,154,1574.3,204,1485.6,1707.7,2025-08,102.0,0.57
181,182,Luca Van Assche,21.6,1593.0,164,1565.4,168,1554.5,188,1501.4,1801.5,2023-04,165.0,0.1
182,183,Matteo Gigante,23.7,1591.8,181,1533.6,137,1598.0,248,1457.1,1709.5,2025-05,152.0,0.19
183,184,Yi Zhou,20.8,1591.2,165,1564.5,321,1387.4,195,1495.6,1602.8,2026-01,244.0,-0.28
184,185,Facundo Bagnis,35.5,1590.7,204,1512.9,151,1583.8,417,1363.2,1737.0,2021-07,389.0,-0.74
185,186,Hugo Grenier,29.6,1589.3,167,1558.3,265,1446.2,214,1478.7,1734.0,2022-09,179.0,0.04
186,187,Lukas Klein,27.7,1588.2,202,1514.8,120,1617.5,138,1550.8,1777.5,2024-03,136.0,0.32
187,188,Hugo Dellien,32.3,1586.1,251,1469.2,158,1567.3,251,1453.8,1779.8,2022-05,137.0,0.32
188,189,Cedrik Marcel Stebe,35.2,1582.0,169,1554.2,166,1557.6,217,1476.1,1824.7,2017-09,320.0,-0.53
189,190,Daniel Elahi Galan,29.5,1581.2,183,1529.5,171,1548.3,174,1517.6,1757.5,2022-09,154.0,0.21
190,191,Rei Sakamoto,19.5,1580.0,176,1544.8,277,1431.2,199,1490.0,1656.2,2025-07,202.0,-0.06
191,192,Federico Coria,33.4,1580.0,248,1470.7,164,1558.5,352,1391.7,1754.4,2021-07,267.0,-0.33
192,193,Daniil Glinka,25.6,1577.3,172,1549.4,178,1538.6,148,1538.6,1607.4,2025-11,199.0,-0.03
193,194,Martin Damm,22.0,1574.4,170,1553.4,366,1354.5,101,1595.3,1767.9,1999-11,177.0,0.09
194,195,Maximilian Marterer,30.1,1574.4,187,1525.5,160,1563.9,183,1507.9,1815.1,2018-06,742.0,-1.34
195,196,Felipe Meligeni Alves,27.3,1574.0,249,1470.2,157,1569.8,143,1545.5,1695.3,2023-10,225.0,-0.14
196,197,Daniel Merida Aguilar,21.1,1570.8,220,1499.7,174,1544.1,205,1485.4,1669.8,2025-09,164.0,0.18
197,198,Chun Hsin Tseng,24.2,1567.4,212,1505.2,152,1581.7,314,1411.9,1715.6,2022-04,122.0,0.48
198,199,Ilya Ivashka,31.4,1566.9,184,1528.7,144,1591.9,158,1530.9,1922.5,2021-09,791.0,-1.38
199,200,Tristan Schoolkate,24.8,1564.0,193,1520.2,376,1345.0,126,1567.8,1703.1,2025-07,97.0,0.72
200,201,Constant Lestienne,33.1,1563.6,179,1534.7,274,1433.6,247,1457.5,1781.3,2023-01,404.0,-0.7
201,202,August Holmgren,27.4,1563.1,209,1507.7,287,1421.3,79,1621.8,1677.9,2021-09,191.0,0.06
202,203,Arthur Gea,21.0,1562.8,182,1533.1,229,1482.9,210,1481.4,1562.8,2026-01,197.0,0.03
203,204,Mikhail Kukushkin,38.0,1562.7,189,1524.2,181,1534.3,149,1538.6,1864.2,2010-10,293.0,-0.36
204,205,Facundo Diaz Acosta,25.0,1560.7,237,1483.7,162,1561.8,310,1416.3,1791.9,2024-02,243.0,-0.17
205,206,Pierre Hugues Herbert,34.8,1559.6,175,1544.8,216,1497.6,159,1529.8,1867.9,2019-06,157.0,0.27
206,207,Stefano Travaglia,33.8,1558.0,191,1520.9,185,1531.5,263,1446.0,1793.8,2021-02,189.0,0.09
207,208,Albert Ramos,37.7,1557.7,194,1520.0,193,1526.1,294,1424.1,1889.0,2017-04,395.0,-0.64
208,209,Colton Smith,22.8,1556.1,198,1515.7,241,1470.0,141,1546.9,1837.6,2025-06,148.0,0.35
209,210,Henrique Rocha,21.7,1555.5,186,1527.4,191,1527.3,209,1483.6,1637.6,2024-09,158.0,0.28
210,211,Liam Draxl,24.0,1555.2,195,1519.3,207,1513.3,275,1438.3,1699.6,2025-07,145.0,0.38
211,212,James Mccabe,22.5,1553.8,200,1515.4,379,1340.4,166,1526.0,1584.1,2025-03,173.0,0.2
212,213,Andrea Pellegrino,28.6,1552.4,354,1364.8,163,1558.6,343,1398.1,1644.1,2025-06,138.0,0.43
213,214,Dan Added,26.7,1551.3,190,1521.2,336,1377.9,219,1475.6,1565.5,2025-11,200.0,0.07
214,215,Jack Pinnington Jones,22.7,1551.2,239,1480.9,280,1427.2,110,1583.0,1640.9,2025-07,196.0,0.09
215,216,Thiago Monteiro,31.3,1550.8,188,1524.2,177,1539.5,240,1462.2,1748.2,2024-05,194.0,0.11
216,217,Pavel Kotov,26.9,1550.4,199,1515.5,182,1534.0,213,1479.2,1797.1,2024-05,483.0,-0.8
217,218,Sumit Nagal,28.3,1548.6,196,1518.1,187,1529.3,325,1406.8,1745.2,2019-09,279.0,-0.25
218,219,Billy Harris,30.9,1548.5,216,1504.5,285,1422.6,162,1526.6,1711.4,2024-06,121.0,0.59
219,220,Alejandro Moro Canas,24.8,1548.3,192,1520.2,210,1506.1,194,1497.5,1673.5,2024-07,242.0,-0.1
220,221,Zdenek Kolar,29.2,1547.5,254,1466.2,179,1536.8,229,1470.4,1621.1,2021-09,176.0,0.23
221,222,Bernard Tomic,33.2,1544.3,215,1504.5,253,1456.5,142,1546.8,1947.4,2015-03,184.0,0.19
222,223,Henri Squire,25.0,1543.9,250,1469.7,184,1532.6,371,1385.4,1670.0,2024-06,276.0,-0.21
223,224,Trevor Svajda,19.4,1543.6,208,1510.0,330,1381.8,226,1471.8,1625.4,2025-09,380.0,-0.53
224,225,Justin Engel,18.2,1542.3,217,1502.6,306,1401.7,189,1500.2,1607.8,2025-11,183.0,0.21
225,226,Gonzalo Bueno,21.6,1542.3,417,1307.7,194,1526.0,228,1471.2,1602.2,2025-11,214.0,0.05
226,227,Federico Agustin Gomez,28.9,1540.4,185,1528.5,231,1482.5,216,1478.2,1668.6,2024-09,190.0,0.18
227,228,Juan Carlos Prado Angelo,20.7,1539.2,301,1416.8,196,1525.2,231,1469.6,1611.6,2025-10,209.0,0.09
228,229,Clement Tabur,25.9,1538.9,197,1516.8,252,1456.7,273,1439.0,1565.2,2025-06,201.0,0.13
229,230,Moez Echargui,32.8,1536.6,206,1511.2,268,1442.6,233,1468.3,1647.0,2025-09,134.0,0.54
230,231,Yu Hsiou Hsu,26.6,1536.3,210,1506.6,310,1398.1,407,1369.6,1648.0,2023-11,220.0,0.05
231,232,Stefano Napolitano,30.6,1535.8,233,1487.6,202,1518.1,203,1486.7,1662.1,2024-05,448.0,-0.66
232,233,Dominic Stricker,23.1,1535.6,218,1500.0,222,1493.6,157,1531.3,1798.6,2021-06,357.0,-0.43
233,234,Johannus Monday,23.9,1535.0,207,1510.7,338,1377.5,306,1417.7,1556.0,2026-01,218.0,0.07
234,235,George Loffhagen,24.5,1534.3,231,1489.3,340,1377.1,258,1449.4,1649.0,2025-07,211.0,0.11
235,236,Brandon Holt,27.7,1533.1,211,1506.1,368,1351.8,186,1505.1,1725.5,2025-02,109.0,0.77
236,237,Mitchell Krueger,31.8,1532.6,229,1492.7,221,1493.9,244,1459.5,1653.6,2022-04,204.0,0.15
237,238,Elias Ymer,29.7,1530.9,221,1499.2,219,1495.8,190,1499.3,1751.8,2015-06,175.0,0.31
238,239,Alexis Galarneau,26.6,1530.2,219,1500.0,289,1417.8,207,1484.0,1631.5,2024-04,213.0,0.12
239,240,Ricardas Berankis,35.1,1529.4,230,1490.1,190,1527.5,180,1510.6,1842.4,2011-02,432.0,-0.59
240,241,Luka Pavlovic,25.6,1528.7,352,1369.7,205,1515.1,197,1492.2,1635.0,2025-07,217.0,0.1
241,242,Alexander Ritschard,31.7,1528.0,273,1454.4,167,1557.1,232,1469.4,1695.9,2024-07,513.0,-0.75
242,243,Dhakshineswar Suresh,25.7,1527.0,224,1496.8,343,1373.5,237,1463.5,1616.6,2025-10,468.0,-0.66
243,244,Oliver Tarvet,22.0,1526.2,241,1478.5,208,1513.1,102,1594.6,1735.2,2025-08,333.0,-0.31
244,245,Christopher Eubanks,29.4,1523.4,228,1493.0,290,1414.6,168,1524.2,1864.8,2023-07,285.0,-0.15
245,246,Jay Dylan Hara Friend,21.8,1523.2,213,1505.2,350,1366.4,242,1461.6,1581.8,2025-10,500.0,-0.71
246,247,Juan Pablo Varillas,30.1,1523.0,320,1401.6,206,1514.4,356,1389.6,1730.0,2021-10,253.0,-0.02
247,248,Timofey Skatov,24.9,1519.6,238,1481.2,214,1504.1,227,1471.8,1672.0,2024-07,195.0,0.24
248,249,Joel Schwaerzler,19.9,1518.3,314,1405.5,211,1504.4,245,1459.1,1621.9,2024-05,241.0,0.03
249,250,Gregoire Barrere,31.5,1517.8,226,1494.5,225,1490.7,172,1518.2,1804.5,2020-02,761.0,-1.11
250,251,Kimmer Coppejans,31.7,1516.8,253,1466.6,232,1482.3,270,1441.9,1697.0,2015-04,250.0,0.0
251,252,Thiago Seyboth Wild,25.8,1516.3,201,1515.3,215,1500.8,230,1470.3,1793.4,2024-05,216.0,0.15
252,253,Stefanos Sakellaridis,21.1,1516.1,259,1462.9,200,1520.4,182,1508.1,1590.2,2025-10,282.0,-0.11
253,254,Marc Andrea Huesler,29.3,1514.9,232,1488.7,213,1504.2,225,1472.0,1817.0,2023-02,252.0,0.01
254,255,Alibek Kachmazov,23.0,1514.6,227,1493.9,302,1408.5,241,1461.7,1637.5,2025-04,363.0,-0.35
255,256,Stefan Kozlov,27.9,1514.2,242,1477.2,238,1472.1,249,1457.0,1724.4,2022-02,280.0,-0.09
256,257,Vitaliy Sachko,28.4,1513.7,257,1463.5,230,1482.6,334,1403.6,1643.5,2023-07,166.0,0.44
257,258,Li Tu,29.4,1511.5,261,1461.6,279,1428.1,160,1528.2,1633.5,2022-10,390.0,-0.41
258,259,Norbert Gombos,35.3,1510.5,252,1467.2,209,1509.4,281,1436.7,1753.2,2020-11,315.0,-0.2
259,260,Duje Ajdukovic,24.9,1510.3,223,1497.5,223,1493.4,409,1369.1,1687.6,2024-09,331.0,-0.24
260,261,Ilia Simakin,22.0,1508.4,240,1478.8,353,1364.2,250,1454.2,1616.5,2025-05,272.0,-0.04
261,262,Hyeon Chung,29.6,1507.6,236,1484.1,180,1535.3,319,1409.7,1991.8,2018-03,423.0,-0.48
262,263,Jaime Faria,22.4,1507.6,258,1463.3,234,1477.4,176,1515.7,1692.5,2024-05,151.0,0.55
263,264,Rio Noguchi,27.0,1506.9,247,1471.0,419,1301.1,321,1408.4,1516.0,2022-10,246.0,0.07
264,265,Marco Cecchinato,33.1,1505.2,308,1412.6,227,1486.2,336,1402.9,1838.6,2018-07,230.0,0.14
265,266,Petr Brunclik,19.3,1504.9,235,1484.5,305,1404.5,252,1452.4,1538.3,2025-11,306.0,-0.14
266,267,Taro Daniel,32.7,1503.7,234,1484.7,243,1467.9,257,1449.5,1766.8,2023-04,367.0,-0.32
267,268,Matej Dodig,20.4,1501.8,265,1458.5,259,1451.3,254,1450.9,1601.7,2024-09,233.0,0.14
268,269,Beibit Zhukayev,25.2,1499.6,278,1451.3,367,1353.0,156,1531.9,1640.2,2023-11,265.0,0.01
269,270,Dane Sweeny,24.8,1498.4,244,1475.2,408,1314.4,350,1393.0,1568.3,2024-02,182.0,0.39
270,271,Alex Barrena,23.2,1496.2,402,1322.7,217,1497.3,259,1448.1,1596.1,2025-07,188.0,0.37
271,272,Nicolas Mejia,25.9,1495.3,300,1420.4,199,1520.7,260,1447.6,1536.3,2021-07,169.0,0.48
272,273,Daniel Rincon,22.7,1495.0,177,1540.8,278,1430.8,428,1357.9,1613.8,2023-09,254.0,0.07
273,274,Pedro Cachin,30.1,1494.6,322,1396.9,218,1497.1,376,1383.9,1767.7,2023-07,688.0,-0.92
274,275,James Trotter,26.2,1492.4,256,1465.4,311,1395.4,295,1424.0,1658.1,2025-01,301.0,-0.09
275,276,Tristan Boyer,24.5,1492.0,225,1494.6,249,1459.6,305,1418.4,1753.1,2025-01,181.0,0.42
276,277,Lukas Neumayer,23.3,1491.5,378,1350.2,224,1491.3,339,1401.4,1600.2,2025-06,226.0,0.2
277,278,Calvin Hemery,30.7,1490.3,289,1436.9,226,1488.1,345,1397.3,1651.1,2015-06,259.0,0.07
278,279,Enzo Couacaud,30.5,1490.1,262,1460.9,236,1474.7,206,1484.1,1647.1,2020-02,680.0,-0.89
279,280,Nerman Fatic,31.0,1489.9,296,1424.8,235,1474.8,238,1463.2,1584.4,2023-07,223.0,0.23
280,281,Federico Cina,18.5,1489.0,263,1459.2,239,1471.8,266,1444.5,1644.2,2025-06,235.0,0.18
281,282,Yasutaka Uchiyama,33.2,1486.5,275,1454.4,359,1359.4,289,1429.2,1727.5,2019-10,307.0,-0.08
282,283,Jay Clarke,27.4,1486.4,269,1456.4,263,1447.2,414,1364.9,1617.4,2018-07,178.0,0.46
283,284,Abedallah Shelbayh,21.9,1484.6,245,1475.0,337,1377.8,243,1460.0,1648.2,2024-02,291.0,-0.02
284,285,Javier Barranco Cosano,27.0,1482.5,294,1425.1,258,1453.8,264,1445.2,1581.0,2024-07,349.0,-0.2
285,286,Murphy Cassone,23.3,1482.3,268,1456.5,374,1345.2,293,1425.2,1684.9,2025-02,224.0,0.24
286,287,Radu Albot,36.0,1481.3,272,1454.9,245,1465.7,181,1509.5,1823.4,2019-05,429.0,-0.4
287,288,Frederico Ferreira Silva,30.6,1481.0,279,1450.5,271,1436.9,239,1462.8,1642.4,2021-05,262.0,0.09
288,289,Andrea Collarini,33.7,1480.6,379,1349.3,247,1464.9,423,1360.7,1572.5,2019-09,240.0,0.19
289,290,Ryan Peniston,30.1,1478.2,282,1446.5,341,1375.1,246,1458.5,1723.2,2022-06,219.0,0.28
290,291,Genaro Alberto Olivieri,27.2,1478.0,372,1352.1,248,1460.7,416,1363.9,1585.6,2023-07,231.0,0.23
291,292,Dennis Novak,32.1,1477.4,260,1461.8,250,1458.7,154,1534.8,1758.9,2019-11,585.0,-0.69
292,293,Inaki Montes De La Torre,23.0,1477.2,271,1455.5,332,1381.0,274,1438.6,1529.0,2025-02,408.0,-0.33
293,294,Maks Kasnikowski,22.3,1477.2,292,1430.1,220,1494.9,202,1488.6,1652.1,2024-06,419.0,-0.35
294,295,Tom Paris,23.1,1476.7,284,1442.2,318,1391.6,276,1438.3,1497.2,2025-11,269.0,0.09
295,296,Gianluca Cadenasso,21.1,1476.5,381,1348.3,256,1454.2,277,1438.3,1551.1,2025-11,,
296,297,Max Hans Rehberg,21.6,1476.0,267,1457.7,315,1393.7,405,1370.9,1575.0,2025-02,618.0,-0.73
297,298,Kenta Miyoshi,21.6,1475.6,281,1446.7,373,1347.8,278,1437.8,1512.8,2025-11,634.0,-0.75
298,299,Sandro Kopp,25.6,1475.4,326,1392.4,251,1458.3,279,1437.7,1547.1,2025-11,302.0,-0.01
299,300,Remy Bertola,27.1,1473.9,277,1451.7,348,1367.7,280,1437.0,1498.9,2025-10,255.0,0.16
300,301,Andrej Martin,36.1,1473.0,347,1374.3,264,1446.8,443,1348.8,1674.7,2014-08,334.0,-0.1
301,302,Edas Butvilas,21.3,1472.9,246,1472.9,354,1364.1,302,1420.4,1672.0,2024-09,273.0,0.1
302,303,Jozef Kovalik,32.8,1472.8,299,1421.1,246,1465.6,400,1374.3,1721.8,2018-07,590.0,-0.67
303,304,Franco Agamenone,32.6,1472.7,366,1356.0,257,1454.2,412,1365.3,1707.6,2021-10,335.0,-0.1
304,305,Michael Geerts,30.9,1470.2,264,1459.1,329,1383.0,388,1378.7,1540.6,2023-03,287.0,0.06
305,306,Marat Sharipov,23.2,1469.1,274,1454.4,296,1410.8,283,1434.5,1613.9,2025-02,303.0,0.01
306,307,Hynek Barton,21.5,1467.1,297,1423.6,261,1448.7,284,1433.6,1544.9,2025-07,300.0,0.02
307,308,Juan Pablo Ficovich,28.8,1466.4,290,1435.6,266,1443.6,267,1444.4,1597.4,2020-10,161.0,0.65
308,309,Eliakim Coulibaly,23.5,1465.5,286,1440.6,331,1381.6,286,1432.8,1537.1,2025-05,313.0,-0.01
309,310,Hamish Stewart,26.3,1465.1,317,1403.2,377,1342.5,196,1493.8,1602.2,2025-08,338.0,-0.09
310,311,Gastao Elias,35.0,1462.9,288,1437.0,272,1435.5,387,1379.8,1737.5,2016-08,364.0,-0.16
311,312,Kaichi Uchida,31.3,1462.6,287,1437.8,352,1364.7,268,1444.0,1571.8,2023-02,249.0,0.23
312,313,Lorenzo Giustino,34.3,1460.4,276,1452.8,316,1393.3,461,1336.0,1643.8,2019-06,210.0,0.4
313,314,Mats Rosenkranz,27.2,1458.6,285,1442.2,397,1322.8,341,1401.0,1503.3,2025-10,321.0,-0.02
314,315,Oriol Roca Batalla,32.1,1456.9,336,1383.4,275,1433.1,357,1389.6,1554.6,2024-06,410.0,-0.26
315,316,Gauthier Onclin,24.8,1456.7,319,1402.1,244,1467.7,288,1430.0,1591.3,2023-07,266.0,0.17
316,317,Oliver Crawford,26.5,1456.1,312,1406.2,322,1386.4,236,1466.2,1580.7,2023-10,203.0,0.45
317,318,Joao Lucas Reis Da Silva,25.6,1454.1,367,1355.6,262,1448.5,291,1427.1,1531.3,2025-11,206.0,0.43
318,319,Antoine Ghibaudo,20.8,1453.0,304,1413.8,390,1330.4,201,1488.8,1518.9,2025-09,348.0,-0.09
319,320,Dimitar Kuzmanov,32.4,1452.6,280,1447.7,293,1413.5,301,1421.2,1640.1,2021-05,263.0,0.2
320,321,Kilian Feldbausch,20.2,1452.5,415,1310.8,270,1437.2,292,1426.2,1499.1,2024-01,374.0,-0.15
321,322,Henry Bernet,18.9,1446.6,335,1383.5,283,1425.5,296,1423.3,1537.6,2025-11,509.0,-0.46
322,323,Karue Sell,31.7,1446.2,305,1413.5,294,1411.8,297,1423.1,1529.3,2024-10,575.0,-0.58
323,324,Geoffrey Blancaneaux,27.2,1446.2,311,1406.4,269,1438.4,436,1351.1,1591.5,2023-05,256.0,0.24
324,325,Lautaro Midon,21.6,1446.1,310,1411.4,312,1394.9,298,1423.0,1498.4,2025-06,234.0,0.33
325,326,Ioannis Xilas,24.5,1445.6,293,1428.2,237,1472.8,221,1472.8,1652.3,2025-08,391.0,-0.18
326,327,Tom Gentzsch,22.3,1445.2,323,1396.2,309,1400.1,299,1422.6,1502.7,2025-10,283.0,0.14
327,328,Maxim Mrva,18.2,1444.4,283,1446.4,328,1384.2,223,1472.2,1619.4,2025-03,342.0,-0.04
328,329,Matteo Martineau,26.9,1443.7,291,1432.6,355,1362.7,332,1404.1,1624.5,2024-02,277.0,0.17
329,330,Hady Habib,27.2,1442.2,318,1402.2,260,1450.7,262,1446.3,1624.9,2025-05,245.0,0.3
330,331,Sascha Gueymard Wayenburg,22.2,1442.1,316,1404.1,281,1426.7,369,1385.5,1563.9,2025-01,198.0,0.51
331,332,Facundo Mena,33.1,1441.6,369,1354.2,284,1424.2,370,1385.5,1616.9,2019-09,322.0,0.03
332,333,Benjamin Hassan,30.9,1440.6,332,1387.1,255,1456.2,308,1417.0,1680.2,2023-10,258.0,0.26
333,334,Aziz Dougaz,28.3,1438.8,307,1412.7,282,1425.7,354,1390.3,1555.3,2020-02,309.0,0.08
334,335,Darwin Blanch,18.1,1437.9,302,1415.3,406,1316.5,303,1418.9,1466.0,2025-11,295.0,0.13
335,336,Murkel Alejandro Dellien Velasco,28.1,1436.7,339,1381.5,286,1422.0,346,1397.2,1602.5,2022-01,251.0,0.29
336,337,Antoine Escoffier,33.6,1435.7,306,1413.4,455,1258.4,422,1360.8,1628.4,2023-03,434.0,-0.25
337,338,Nicolas Kicker,33.2,1435.1,351,1370.4,273,1435.1,411,1367.1,1706.2,2018-05,257.0,0.27
338,339,David Jorda Sanchis,31.4,1435.1,376,1350.5,295,1411.8,389,1378.7,1531.3,2023-07,385.0,-0.13
339,340,Stuart Parker,28.2,1434.0,309,1412.2,394,1327.0,473,1324.7,1524.1,2025-03,415.0,-0.2
340,341,Arthur Bouquier,24.8,1433.5,295,1425.0,424,1296.7,331,1404.2,1732.0,2025-03,229.0,0.4
341,342,Mili Poljicak,21.1,1433.0,436,1277.6,288,1418.7,386,1380.6,1508.5,2025-05,383.0,-0.11
342,343,Blake Ellis,26.9,1431.6,315,1404.5,396,1325.8,311,1415.8,1490.7,2018-02,441.0,-0.25
343,344,Jakub Paul,26.5,1430.8,346,1374.8,339,1377.3,312,1415.4,1506.3,2025-08,368.0,-0.07
344,345,Paul Jubb,26.1,1429.9,313,1405.6,381,1340.1,261,1447.3,1632.1,2022-03,360.0,-0.04
345,346,Daniel Masur,31.1,1426.5,321,1399.1,313,1393.8,320,1408.8,1621.9,2021-03,510.0,-0.39
346,347,Ivan Gakhov,29.0,1425.1,404,1320.9,304,1404.9,375,1384.1,1659.6,2023-05,261.0,0.28
347,348,Bernabe Zapata Miralles,28.8,1421.5,348,1374.0,291,1414.0,290,1427.7,1779.9,2023-05,462.0,-0.28
348,349,Christoph Negritu,31.7,1420.9,343,1375.7,303,1408.5,315,1410.5,1540.2,2024-11,359.0,-0.03
349,350,Enrico Dalla Valle,27.6,1416.9,390,1335.3,301,1408.6,322,1408.4,1543.6,2024-07,524.0,-0.4
350,351,Milos Karol,22.9,1416.4,363,1359.5,349,1367.7,323,1408.2,1457.6,2025-10,447.0,-0.24
351,352,Yuta Shimizu,26.5,1416.3,334,1384.0,425,1294.2,313,1414.8,1590.8,2024-05,340.0,0.03
352,353,Filip Cristian Jianu,24.1,1416.1,406,1319.9,307,1401.4,342,1399.3,1578.5,2019-09,278.0,0.24
353,354,Denis Yevseyev,32.5,1415.2,328,1391.1,323,1385.8,307,1417.5,1565.7,2024-01,379.0,-0.07
354,355,Andre Ilagan,25.1,1415.2,331,1389.5,403,1317.6,324,1407.6,1524.7,2025-10,352.0,0.01
355,356,Alexey Vatutin,33.0,1415.2,338,1382.0,342,1373.8,403,1371.6,1637.3,2018-04,371.0,-0.04
356,357,Fajing Sun,29.2,1415.0,327,1391.2,470,1239.1,365,1386.4,1487.1,2025-07,268.0,0.29
357,358,Charles Broom,27.7,1414.9,333,1385.0,404,1317.5,318,1409.9,1536.4,2024-06,304.0,0.16
358,359,Mathys Erhard,24.1,1413.5,342,1375.8,325,1384.7,326,1406.7,1455.1,2025-11,329.0,0.09
359,360,Hayato Matsuoka,20.9,1413.2,324,1392.9,405,1316.6,327,1406.6,1532.2,2025-11,405.0,-0.12
360,361,Juan Bautista Torres,23.6,1412.9,416,1308.5,308,1400.6,328,1406.4,1586.6,2022-07,358.0,0.01
361,362,Oleg Prihodko,28.1,1411.9,384,1345.3,327,1384.3,329,1406.0,1514.0,2021-12,437.0,-0.19
362,363,Dmitry Popko,29.0,1409.5,298,1423.5,364,1356.0,462,1335.0,1631.7,2020-01,222.0,0.49
363,364,Jacopo Vasami,17.6,1406.3,413,1313.2,319,1390.9,335,1403.2,1452.9,2025-06,662.0,-0.6
364,365,Viktor Durasovic,28.6,1405.9,325,1392.8,380,1340.4,450,1346.6,1494.2,2025-02,323.0,0.12
365,366,Andres Andrade,26.9,1404.1,388,1342.4,292,1413.9,338,1402.0,1584.8,2024-08,271.0,0.3
366,367,Hernan Casanova,31.7,1403.6,442,1268.1,324,1385.5,404,1371.0,1474.0,2022-09,365.0,0.01
367,368,Mika Brunold,21.2,1402.2,365,1358.0,335,1378.0,340,1401.1,1510.9,2025-07,388.0,-0.05
368,369,Philip Henning,25.0,1400.7,341,1377.6,361,1357.9,255,1450.3,1559.8,2021-09,326.0,0.12
369,370,Federico Arnaboldi,25.4,1399.4,357,1364.0,370,1349.6,408,1369.2,1623.0,2024-08,376.0,-0.02
370,371,Harry Wendelken,24.0,1397.5,337,1382.5,410,1308.7,434,1351.4,1526.6,2025-10,316.0,0.16
371,372,Alex Rybakov,28.7,1395.4,355,1364.5,360,1358.6,304,1418.8,1516.5,2022-07,281.0,0.28
372,373,Pedro Boscardin Dias,22.8,1395.4,474,1230.0,314,1393.8,344,1397.7,1444.6,2025-10,275.0,0.3
373,374,Giles Hussey,28.6,1392.6,349,1372.7,413,1306.3,426,1358.4,1487.3,2025-08,350.0,0.07
374,375,Matheus Pucinelli De Almeida,24.6,1390.3,447,1261.8,326,1384.4,347,1396.0,1650.0,2022-03,297.0,0.23
375,376,Adria Soriano Barrera,26.5,1389.6,345,1375.1,398,1322.6,348,1394.8,1429.0,2025-07,355.0,0.06
376,377,Philip Sekulic,22.3,1388.4,358,1361.4,443,1273.0,430,1356.1,1533.1,2024-07,519.0,-0.32
377,378,Andres Martin,24.4,1385.0,364,1359.0,300,1408.8,269,1442.5,1603.6,2022-07,270.0,0.34
378,379,Samir Banerjee,22.1,1383.9,360,1361.0,417,1302.0,351,1392.0,1472.4,2025-09,403.0,-0.06
379,380,Santiago Fa Rodriguez Taverna,26.3,1383.8,414,1312.6,333,1380.3,391,1378.6,1672.6,2022-01,227.0,0.52
380,381,Tung Lin Wu,27.6,1382.6,371,1352.7,298,1409.4,437,1350.7,1605.0,2023-04,361.0,0.05
381,382,Mae Malige,19.7,1382.2,361,1360.5,462,1251.7,353,1391.1,1435.8,2025-10,438.0,-0.14
382,383,Gabi Adrian Boitan,26.3,1381.9,374,1351.3,358,1359.9,272,1441.0,1488.6,2022-03,325.0,0.16
383,384,Jacopo Berrettini,26.8,1380.0,412,1314.2,346,1372.3,355,1390.0,1592.3,2024-05,299.0,0.25
384,385,Tibo Colson,25.4,1377.3,362,1359.9,454,1258.9,359,1388.7,1397.3,2026-01,465.0,-0.19
385,386,Marek Gengel,30.3,1377.0,375,1351.3,468,1243.2,445,1348.1,1505.8,2023-01,351.0,0.1
386,387,Jie Cui,27.7,1377.0,377,1350.3,465,1246.4,360,1388.5,1491.5,2025-05,417.0,-0.07
387,388,Mees Rottgering,18.3,1375.8,382,1346.0,317,1392.7,300,1421.3,1486.4,2025-02,624.0,-0.48
388,389,Nikolas Sanchez Izquierdo,26.6,1375.7,469,1238.7,356,1361.7,361,1387.8,1517.8,2022-06,305.0,0.24
389,390,Robin Bertrand,22.8,1375.0,380,1348.7,431,1290.3,362,1387.5,1540.9,2024-07,298.0,0.27
390,391,Govind Nanda,24.4,1374.0,373,1351.5,418,1301.6,364,1387.0,1501.0,2022-09,549.0,-0.34
391,392,Alfredo Perez,28.4,1371.6,393,1333.4,334,1379.7,367,1385.8,1451.2,2025-10,337.0,0.15
392,393,Garrett Johns,24.9,1371.3,359,1361.3,438,1283.2,368,1385.6,1534.5,2025-08,292.0,0.3
393,394,Benoit Paire,36.3,1370.9,383,1345.8,320,1389.9,309,1416.5,1909.0,2013-05,907.0,-0.83
394,395,Cezar Cretu,24.5,1370.7,350,1370.8,383,1338.2,372,1385.3,1526.0,2024-09,377.0,0.05
395,396,Nicolas Alvarez Varona,24.3,1370.4,329,1390.5,409,1314.4,373,1385.2,1526.2,2022-11,356.0,0.11
396,397,Giovanni Fonio,27.3,1369.2,340,1380.3,391,1329.5,374,1384.6,1566.9,2023-02,456.0,-0.14
397,398,Max Houkes,25.5,1368.1,450,1258.7,351,1365.2,441,1350.1,1481.3,2025-03,247.0,0.48
398,399,Patrick Zahraj,26.3,1367.5,330,1389.6,453,1259.1,349,1394.2,1596.7,2025-03,274.0,0.38
399,400,Daniel Michalski,25.8,1366.0,344,1375.3,378,1341.2,285,1433.0,1590.8,2020-02,260.0,0.43
400,401,Edward Winter,21.3,1365.1,407,1319.4,429,1292.6,316,1410.1,1440.2,2025-10,493.0,-0.21
401,402,Cannon Kingsley,24.6,1363.6,385,1344.5,448,1266.7,378,1381.8,1468.0,2023-09,498.0,-0.21
402,403,Eduardo Ribeiro,27.6,1363.4,448,1260.2,363,1356.2,379,1381.7,1446.1,2023-06,461.0,-0.13
403,404,Stefan Dostanic,23.8,1363.3,391,1335.0,430,1291.6,380,1381.6,1383.6,2025-08,587.0,-0.37
404,405,Adrian Andreev,24.5,1363.0,395,1330.3,347,1370.4,475,1321.5,1642.9,2023-01,965.0,-0.87
405,406,Luca Potenza,25.3,1362.9,397,1327.7,386,1335.8,382,1381.4,1470.3,2022-06,366.0,0.1
406,407,Rodrigo Pacheco Mendez,20.6,1362.7,368,1355.5,387,1334.1,383,1381.4,1511.2,2025-06,232.0,0.56
407,408,Rudolf Molleker,25.0,1362.7,405,1320.1,357,1361.0,438,1350.7,1712.9,2019-06,450.0,-0.1
408,409,Aidan Mayo,22.2,1361.9,370,1353.1,445,1270.6,363,1387.1,1541.1,2024-11,614.0,-0.41
409,410,Raul Brancaccio,28.4,1361.8,392,1333.6,365,1355.0,440,1350.4,1644.9,2023-01,411.0,0.0
410,411,Pedro Sakamoto,32.3,1361.7,428,1297.9,369,1351.2,385,1380.9,1495.6,2019-05,375.0,0.09
411,412,Maximilian Neuchrist,34.1,1360.8,401,1323.5,388,1334.1,442,1349.9,1549.9,2023-04,540.0,-0.27
412,413,Petr Bar Biryukov,23.8,1357.4,389,1335.9,433,1288.7,390,1378.7,1488.1,2025-10,328.0,0.23
413,414,Khumoun Sultanov,26.9,1356.8,386,1344.5,449,1266.5,358,1389.1,1553.9,2025-02,,
414,415,Tsung Hao Huang,25.9,1356.1,394,1330.4,434,1288.1,393,1378.1,1406.7,2023-10,495.0,-0.18
415,416,Gabriele Piraino,22.0,1354.0,449,1258.8,389,1333.0,394,1377.0,1381.9,2024-07,341.0,0.2
416,417,Pol Martin Tiffon,26.3,1353.9,422,1304.5,372,1348.8,452,1344.2,1512.6,2025-03,373.0,0.11
417,418,Florent Bax,26.5,1353.7,409,1317.9,400,1318.3,395,1376.9,1449.1,2025-04,288.0,0.37
418,419,Michael Vrbensky,25.8,1352.5,403,1321.4,395,1326.8,396,1376.2,1576.5,2021-07,584.0,-0.33
419,420,Diego Dedura Palomero,17.7,1352.0,473,1234.4,362,1356.3,397,1376.0,1419.0,2025-09,327.0,0.25
420,421,Kaylan Bigun,19.4,1350.8,408,1319.1,440,1275.3,398,1375.4,1423.0,2025-08,717.0,-0.53
421,422,Henry Searle,19.7,1349.9,411,1314.7,426,1293.0,435,1351.3,1474.6,2025-06,469.0,-0.11
422,423,Daniel Dutra Da Silva,37.3,1349.8,453,1257.4,384,1337.2,421,1361.0,1519.5,2009-02,339.0,0.22
423,424,Buvaysar Gadamauri,25.3,1349.2,398,1327.1,428,1292.7,399,1374.6,1367.7,2025-11,439.0,-0.03
424,425,Sergey Fomin,24.9,1347.7,421,1305.1,344,1373.2,401,1373.8,1386.4,2024-07,332.0,0.25
425,426,Carlo Alberto Caniato,20.0,1345.7,437,1277.6,371,1349.5,402,1372.9,1451.2,2025-09,,
426,427,Ergi Kirkin,26.6,1343.6,400,1323.7,392,1328.9,425,1358.8,1516.7,2022-05,564.0,-0.28
427,428,Hiroki Moriya,35.2,1340.4,420,1305.3,464,1248.6,448,1347.4,1584.0,2012-12,515.0,-0.19
428,429,James Watt,25.5,1339.7,410,1317.8,466,1244.6,337,1402.4,1360.2,2026-01,643.0,-0.4
429,430,Matias Soto,26.5,1338.0,434,1280.9,382,1338.5,410,1369.0,1461.2,2025-03,386.0,0.11
430,431,Jelle Sels,30.2,1336.6,356,1364.4,421,1299.6,495,1264.6,1640.8,2022-11,345.0,0.22
431,432,Miguel Tobon,19.4,1335.3,399,1324.4,401,1318.0,392,1378.6,1600.3,1995-09,593.0,-0.32
432,433,Maxime Janvier,29.0,1333.7,426,1302.3,422,1299.0,413,1365.1,1601.5,2019-09,529.0,-0.2
433,434,Tyler Zink,24.9,1333.5,418,1307.6,460,1255.1,381,1381.6,1473.9,2025-10,294.0,0.39
434,435,Neil Oberleitner,26.4,1329.0,429,1297.3,439,1276.5,415,1364.5,1378.0,2024-07,425.0,0.02
435,436,Omar Jasika,28.6,1326.4,419,1306.2,452,1260.1,496,1257.7,1669.1,2017-02,330.0,0.28
436,437,Maximus Jones,21.3,1325.8,425,1302.4,414,1305.4,418,1362.9,1524.4,2025-04,378.0,0.15
437,438,Dan Martin,26.6,1325.4,433,1286.3,420,1300.9,463,1334.8,1374.1,2025-11,400.0,0.09
438,439,Andrea Picchione,27.2,1324.4,443,1266.5,415,1305.2,419,1362.2,1366.1,2024-04,393.0,0.11
439,440,Franco Roncadelli,25.7,1323.8,478,1226.5,402,1317.7,420,1361.9,1399.7,2025-06,346.0,0.24
440,441,Patrick Maloney,25.6,1320.7,439,1273.3,399,1322.0,406,1370.7,1467.5,2025-07,353.0,0.22
441,442,Aleksandre Bakshi,28.3,1320.0,431,1295.3,297,1410.0,317,1410.0,1613.0,2024-07,545.0,-0.21
442,443,Guido Ivan Justo,27.9,1317.8,463,1244.5,411,1307.6,424,1358.9,1342.6,2025-11,372.0,0.17
443,444,Renzo Olivo,33.2,1317.5,430,1296.5,427,1292.8,467,1330.5,1643.4,2015-02,511.0,-0.14
444,445,Robert Strombachs,26.3,1316.6,396,1328.4,447,1266.9,427,1358.3,1479.9,2025-05,398.0,0.11
445,446,Gonzalo Villanueva,30.8,1315.2,480,1220.9,423,1297.8,429,1357.6,1454.7,2022-05,344.0,0.26
446,447,Luciano Emanuel Ambrogi,21.9,1310.6,484,1206.4,412,1306.8,431,1355.3,1410.3,2024-09,435.0,0.03
447,448,Lukas Pokorny,23.2,1310.5,427,1300.8,450,1262.6,432,1355.3,1435.5,2025-05,532.0,-0.17
448,449,Juan Manuel La Serna,21.8,1309.5,432,1295.2,435,1286.6,433,1354.7,1340.2,2025-11,433.0,0.04
449,450,Olaf Pieczkowski,21.6,1309.2,423,1304.3,407,1314.8,330,1404.6,1621.0,2023-11,457.0,-0.02
450,451,Eero Vasa,28.9,1308.0,424,1304.2,446,1270.5,333,1404.0,1415.6,2016-03,473.0,-0.05
451,452,Corentin Denolly,28.5,1305.8,455,1254.6,444,1271.8,456,1339.6,1455.6,2025-03,399.0,0.12
452,453,Mateus Alves,24.8,1301.4,491,1180.4,416,1302.9,439,1350.7,1422.1,2024-11,460.0,-0.02
453,454,Miguel Damas,25.9,1296.8,456,1254.5,442,1274.9,444,1348.4,1321.7,2025-11,318.0,0.36
454,455,Max Alcala Gurri,23.1,1295.7,462,1245.1,441,1275.3,446,1347.9,1332.3,2022-04,381.0,0.18
455,456,Renta Tokuda,27.7,1295.4,440,1270.5,482,1208.9,447,1347.7,1380.8,2018-05,324.0,0.34
456,457,Daniel Milavsky,24.1,1295.2,438,1275.4,456,1257.6,471,1328.4,1383.0,2025-11,397.0,0.14
457,458,Masamichi Imamura,27.0,1293.3,445,1263.0,458,1256.7,449,1346.7,1394.5,2024-11,534.0,-0.15
458,459,Christian Langmo,29.5,1292.0,446,1262.3,492,1164.6,451,1346.0,1411.8,2023-04,347.0,0.28
459,460,Dali Blanch,22.7,1285.4,492,1172.1,385,1336.3,453,1342.7,1464.6,2025-08,452.0,0.02
460,461,Naoki Nakagawa,28.7,1284.8,441,1268.7,494,1146.6,454,1342.4,1327.7,2024-09,724.0,-0.45
461,462,Carlos Sanchez Jover,25.3,1280.9,479,1224.4,451,1261.0,455,1340.5,1440.5,2023-09,317.0,0.38
462,463,Max Wiskandt,23.7,1278.4,470,1238.5,437,1284.8,483,1312.0,1454.0,2025-04,442.0,0.05
463,464,Alexandr Binda,24.1,1277.6,452,1258.1,463,1248.8,457,1338.8,1450.9,2025-07,445.0,0.04
464,465,Karan Singh,22.5,1277.3,466,1240.6,436,1285.5,458,1338.6,1339.8,2025-02,470.0,-0.01
465,466,Conner Huertas Del Pino,29.5,1275.6,435,1280.3,467,1244.5,459,1337.8,1354.2,2025-04,729.0,-0.45
466,467,Olle Wallin,24.0,1275.2,471,1237.1,432,1289.8,460,1337.6,1488.2,2025-07,443.0,0.05
467,468,Blaise Bicknell,23.9,1272.5,451,1258.2,461,1252.9,366,1386.2,1587.2,2024-02,487.0,-0.04
468,469,Vadym Ursu,28.8,1268.0,457,1249.9,486,1190.2,482,1312.9,1281.3,2025-11,427.0,0.09
469,470,Aristotelis Thanos,24.6,1267.4,454,1254.6,393,1328.2,377,1383.7,1576.3,2025-02,492.0,-0.05
470,471,Lucas Poullain,29.8,1265.4,461,1246.4,475,1229.9,464,1332.7,1590.8,2023-10,402.0,0.16
471,472,Tiago Pereira,21.5,1263.6,464,1242.9,457,1257.2,465,1331.8,1406.9,2025-08,264.0,0.58
472,473,Kasidit Samrej,24.9,1261.9,472,1236.5,375,1345.1,384,1381.0,1424.3,2019-04,413.0,0.14
473,474,Juan Alejandro Hernandez Serrano,26.4,1259.6,459,1249.3,481,1215.0,468,1329.8,1300.9,2025-06,409.0,0.15
474,475,Taha Baadi,24.3,1259.1,458,1249.7,473,1235.9,491,1293.8,1300.1,2025-09,570.0,-0.18
475,476,Pedro Araujo,23.6,1257.4,468,1240.1,483,1206.6,469,1328.7,1307.5,2025-01,694.0,-0.38
476,477,Aryan Shah,20.1,1257.1,460,1247.3,471,1237.1,470,1328.6,1524.6,2025-07,394.0,0.19
477,478,Roberto Cid,32.0,1254.2,444,1263.4,480,1221.8,466,1331.5,1621.4,2018-06,431.0,0.1
478,479,Andrew Fenty,25.6,1252.5,475,1229.6,472,1236.2,472,1326.2,1296.1,2025-10,458.0,0.04
479,480,Maxime Chazal,32.7,1248.6,493,1168.2,469,1239.4,474,1324.3,1382.8,2015-09,577.0,-0.18
480,481,Saba Purtseladze,24.2,1242.3,476,1229.5,488,1177.0,486,1299.2,1466.8,2025-05,286.0,0.52
481,482,Moerani Bouzige,26.4,1238.8,482,1210.8,476,1229.4,476,1319.4,1416.7,2024-12,467.0,0.03
482,483,Kokoro Isomura,22.8,1238.0,483,1210.4,477,1229.0,477,1319.0,1428.8,2024-11,557.0,-0.14
483,484,Pierluigi Basile,18.8,1237.0,488,1188.6,459,1256.2,478,1318.5,1426.9,2025-06,702.0,-0.37
484,485,Mariano Kestelboim,29.7,1234.5,487,1188.7,479,1225.3,479,1317.2,1312.1,2025-06,406.0,0.18
485,486,Karl Poling,26.3,1232.7,465,1242.0,484,1201.2,492,1274.7,1280.8,2025-11,600.0,-0.21
486,487,San Hui Sin,28.8,1231.9,481,1217.6,478,1226.0,480,1316.0,1314.1,2025-08,354.0,0.32
487,488,Federico Bondioli,20.5,1227.7,490,1182.9,474,1231.6,481,1313.9,1422.6,2025-06,440.0,0.1
488,489,Dominik Kellovsky,29.3,1218.7,477,1229.5,493,1162.8,484,1309.4,1297.2,2017-07,561.0,-0.14
489,490,Bruno Kuzuhara,21.6,1215.5,486,1195.0,487,1184.9,485,1307.7,1335.1,2024-07,531.0,-0.08
490,491,Alex Marti Pujolras,26.5,1197.4,467,1240.2,489,1172.4,487,1298.7,1359.7,2023-04,505.0,-0.03
491,492,Lorenzo Carboni,19.6,1195.3,494,1155.0,485,1198.6,488,1297.7,1325.2,2023-08,422.0,0.15
492,493,Leo Borg,22.5,1189.8,489,1183.9,496,1137.6,489,1294.9,1211.0,2025-10,533.0,-0.08
493,494,Sebastian Gima,23.5,1188.7,485,1204.4,490,1167.1,490,1294.4,1251.0,2025-08,535.0,-0.08
494,495,Lorenzo Joaquin Rodriguez,26.1,1148.6,495,1150.5,495,1142.0,493,1274.3,1362.4,2024-04,446.0,0.1
495,496,Matthew Dellavedova,25.6,1139.7,497,1128.1,497,1133.1,494,1269.9,1201.5,2024-01,518.0,-0.04
496,497,Juan Carlos Aguilar,27.0,1112.1,498,1068.9,491,1165.7,497,1256.0,1243.9,2025-01,606.0,-0.2
497,498,Tristan Mccormick,26.6,1109.8,496,1131.3,498,1096.3,498,1224.4,1286.0,2023-06,502.0,-0.01
